Fecha;Área;Meta mensual;Meta al corte;Real del día;Acum real;% Avance Meta;Días del mes;Día del mes;Días restantes;Acum real hasta ayer;Ritmo requerido hoy;Brecha del día;Brecha acumulada;Promedio diario real;Proyección fin de mes;Gap vs Meta al cierre;% al corte;Semáforo al corte;Semáforo diario;% Crec. vs ayer
1/4/2026;Etiquetado;2,350,735;78,358;58,059;58,059;2.5%;30;1;30;0;78,358;-20,299;-20,299;58,059;1,741,770;-608,965;74.1%;🔴 No cumple;🔴 Bajo hoy;0.0%
1/4/2026;Distribución;3,143,818;104,794;93,510;93,510;3.0%;30;1;30;0;104,794;-11,284;-11,284;93,510;2,805,300;-338,518;89.2%;🔴 No cumple;🔴 Bajo hoy;0.0%
1/4/2026;Segunda;103,667;3,456;4,186;4,186;4.0%;30;1;30;0;3,456;730;730;4,186;125,580;21,913;121.1%;✅ Cumplido;✅ Cumple hoy;0.0%
1/4/2026;Despacho;3,350,416;111,681;75,772;75,772;2.3%;30;1;30;0;111,681;-35,909;-35,909;75,772;2,273,160;-1,077,256;67.8%;🔴 No cumple;🔴 Bajo hoy;0.0%
1/4/2026;Ventas;2,593,172;86,439;97,633;97,633;3.8%;30;1;30;0;86,439;11,194;11,194;97,633;2,928,990;335,818;113.0%;✅ Cumplido;✅ Cumple hoy;0.0%
2/4/2026;Etiquetado;2,350,735;156,716;77,764;135,823;5.8%;30;2;29;58,059;79,058;-1,294;-20,893;67,912;2,037,345;-313,390;86.7%;🔴 No cumple;🔴 Bajo hoy;33.9%
2/4/2026;Distribución;3,143,818;209,588;90,072;183,582;5.8%;30;2;29;93,510;105,183;-15,111;-26,006;91,791;2,753,730;-390,088;87.6%;🔴 No cumple;🔴 Bajo hoy;-3.7%
2/4/2026;Segunda;103,667;6,911;4,567;8,753;8.4%;30;2;29;4,186;3,430;1,137;1,842;4,377;131,295;27,628;126.7%;✅ Cumplido;✅ Cumple hoy;9.1%
2/4/2026;Despacho;3,350,416;223,361;56,458;132,230;3.9%;30;2;29;75,772;112,919;-56,461;-91,131;66,115;1,983,450;-1,366,966;59.2%;🔴 No cumple;🔴 Bajo hoy;-25.5%
2/4/2026;Ventas;2,593,172;172,878;62,679;160,312;6.2%;30;2;29;97,633;86,053;-23,374;-12,566;80,156;2,404,680;-188,492;92.7%;🔴 No cumple;🔴 Bajo hoy;-35.8%
3/4/2026;Etiquetado;2,350,735;235,074;0;135,823;5.8%;30;3;28;135,823;79,104;-79,104;-99,251;45,274;1,358,230;-992,505;57.8%;🔴 No cumple;🔴 Bajo hoy;0.0%
3/4/2026;Distribución;3,143,818;314,382;2,549;186,131;5.9%;30;3;28;183,582;105,723;-103,174;-128,251;62,044;1,861,310;-1,282,508;59.2%;🔴 No cumple;🔴 Bajo hoy;-97.2%
3/4/2026;Segunda;103,667;10,367;0;8,753;8.4%;30;3;28;8,753;3,390;-3,390;-1,614;2,918;87,530;-16,137;84.4%;🔴 No cumple;🔴 Bajo hoy;0.0%
3/4/2026;Despacho;3,350,416;335,042;0;132,230;3.9%;30;3;28;132,230;114,935;-114,935;-202,812;44,077;1,322,300;-2,028,116;39.5%;🔴 No cumple;🔴 Bajo hoy;0.0%
3/4/2026;Ventas;2,593,172;259,317;0;160,312;6.2%;30;3;28;160,312;86,888;-86,888;-99,005;53,437;1,603,120;-990,052;61.8%;🔴 No cumple;🔴 Bajo hoy;0.0%
4/4/2026;Etiquetado;2,350,735;313,431;0;135,823;5.8%;30;4;27;135,823;82,034;-82,034;-177,608;33,956;1,018,673;-1,332,063;43.3%;🔴 No cumple;🔴 Bajo hoy;0.0%
4/4/2026;Distribución;3,143,818;419,176;0;186,131;5.9%;30;4;27;186,131;109,544;-109,544;-233,045;46,533;1,395,983;-1,747,836;44.4%;🔴 No cumple;🔴 Bajo hoy;0.0%
4/4/2026;Segunda;103,667;13,822;0;8,753;8.4%;30;4;27;8,753;3,515;-3,515;-5,069;2,188;65,648;-38,020;63.3%;🔴 No cumple;🔴 Bajo hoy;0.0%
4/4/2026;Despacho;3,350,416;446,722;0;132,230;3.9%;30;4;27;132,230;119,192;-119,192;-314,492;33,058;991,725;-2,358,691;29.6%;🔴 No cumple;🔴 Bajo hoy;0.0%
4/4/2026;Ventas;2,593,172;345,756;64,360;224,672;8.7%;30;4;27;160,312;90,106;-25,746;-121,084;56,168;1,685,040;-908,132;65.0%;🔴 No cumple;🔴 Bajo hoy;0.0%
5/4/2026;Etiquetado;2,350,735;391,789;0;135,823;5.8%;30;5;26;135,823;85,189;-85,189;-255,966;27,165;814,938;-1,535,797;34.7%;🔴 No cumple;🔴 Bajo hoy;0.0%
5/4/2026;Distribución;3,143,818;523,970;0;186,131;5.9%;30;5;26;186,131;113,757;-113,757;-337,839;37,226;1,116,786;-2,027,032;35.5%;🔴 No cumple;🔴 Bajo hoy;0.0%
5/4/2026;Segunda;103,667;17,278;0;8,753;8.4%;30;5;26;8,753;3,651;-3,651;-8,525;1,751;52,518;-51,149;50.7%;🔴 No cumple;🔴 Bajo hoy;0.0%
5/4/2026;Despacho;3,350,416;558,403;0;132,230;3.9%;30;5;26;132,230;123,776;-123,776;-426,173;26,446;793,380;-2,557,036;23.7%;🔴 No cumple;🔴 Bajo hoy;0.0%
5/4/2026;Ventas;2,593,172;432,195;46,702;271,374;10.5%;30;5;26;224,672;91,096;-44,394;-160,821;54,275;1,628,244;-964,928;62.8%;🔴 No cumple;🔴 Bajo hoy;-27.4%
6/4/2026;Etiquetado;2,350,735;470,147;61,583;197,406;8.4%;30;6;25;135,823;88,596;-27,013;-272,741;32,901;987,030;-1,363,705;42.0%;🔴 No cumple;🔴 Bajo hoy;0.0%
6/4/2026;Distribución;3,143,818;628,764;102,918;289,049;9.2%;30;6;25;186,131;118,307;-15,389;-339,715;48,175;1,445,245;-1,698,573;46.0%;🔴 No cumple;🔴 Bajo hoy;0.0%
6/4/2026;Segunda;103,667;20,733;3,606;12,359;11.9%;30;6;25;8,753;3,797;-191;-8,374;2,060;61,795;-41,872;59.6%;🔴 No cumple;🔴 Bajo hoy;0.0%
6/4/2026;Despacho;3,350,416;670,083;166,106;298,336;8.9%;30;6;25;132,230;128,727;37,379;-371,747;49,723;1,491,680;-1,858,736;44.5%;🔴 No cumple;✅ Cumple hoy;0.0%
6/4/2026;Ventas;2,593,172;518,634;82,303;353,677;13.6%;30;6;25;271,374;92,872;-10,569;-164,957;58,946;1,768,385;-824,787;68.2%;🔴 No cumple;🔴 Bajo hoy;76.2%
7/4/2026;Etiquetado;2,350,735;548,505;79,343;276,749;11.8%;30;7;24;197,406;89,722;-10,379;-271,756;39,536;1,186,067;-1,164,668;50.5%;🔴 No cumple;🔴 Bajo hoy;28.8%
7/4/2026;Distribución;3,143,818;733,558;107,550;396,599;12.6%;30;7;24;289,049;118,949;-11,399;-336,959;56,657;1,699,710;-1,444,108;54.1%;🔴 No cumple;🔴 Bajo hoy;4.5%
7/4/2026;Segunda;103,667;24,189;4,871;17,230;16.6%;30;7;24;12,359;3,805;1,067;-6,959;2,461;73,843;-29,824;71.2%;🔴 No cumple;✅ Cumple hoy;35.1%
7/4/2026;Despacho;3,350,416;781,764;64,151;362,487;10.8%;30;7;24;298,336;127,170;-63,019;-419,277;51,784;1,553,516;-1,796,900;46.4%;🔴 No cumple;🔴 Bajo hoy;-61.4%
7/4/2026;Ventas;2,593,172;605,073;69,775;423,452;16.3%;30;7;24;353,677;93,312;-23,537;-181,621;60,493;1,814,794;-778,378;70.0%;🔴 No cumple;🔴 Bajo hoy;-15.2%
8/4/2026;Etiquetado;2,350,735;626,863;59,625;336,374;14.3%;30;8;23;276,749;90,173;-30,548;-290,489;42,047;1,261,403;-1,089,333;53.7%;🔴 No cumple;🔴 Bajo hoy;-24.9%
8/4/2026;Distribución;3,143,818;838,351;113,983;510,582;16.2%;30;8;23;396,599;119,444;-5,461;-327,769;63,823;1,914,683;-1,229,136;60.9%;🔴 No cumple;🔴 Bajo hoy;6.0%
8/4/2026;Segunda;103,667;27,645;4,972;22,202;21.4%;30;8;23;17,230;3,758;1,214;-5,443;2,775;83,258;-20,410;80.3%;🔴 No cumple;✅ Cumple hoy;2.1%
8/4/2026;Despacho;3,350,416;893,444;107,852;470,339;14.0%;30;8;23;362,487;129,910;-22,058;-423,105;58,792;1,763,771;-1,586,645;52.6%;🔴 No cumple;🔴 Bajo hoy;68.1%
8/4/2026;Ventas;2,593,172;691,513;64,280;487,732;18.8%;30;8;23;423,452;94,336;-30,056;-203,781;60,967;1,828,995;-764,177;70.5%;🔴 No cumple;🔴 Bajo hoy;-7.9%
9/4/2026;Etiquetado;2,350,735;705,221;64,366;400,740;17.0%;30;9;22;336,374;91,562;-27,196;-304,481;44,527;1,335,800;-1,014,935;56.8%;🔴 No cumple;🔴 Bajo hoy;8.0%
9/4/2026;Distribución;3,143,818;943,145;92,632;603,214;19.2%;30;9;22;510,582;119,693;-27,061;-339,931;67,024;2,010,713;-1,133,105;64.0%;🔴 No cumple;🔴 Bajo hoy;-18.7%
9/4/2026;Segunda;103,667;31,100;4,823;27,025;26.1%;30;9;22;22,202;3,703;1,120;-4,075;3,003;90,083;-13,584;86.9%;🔴 No cumple;✅ Cumple hoy;-3.0%
9/4/2026;Despacho;3,350,416;1,005,125;83,756;554,095;16.5%;30;9;22;470,339;130,913;-47,157;-451,030;61,566;1,846,983;-1,503,433;55.1%;🔴 No cumple;🔴 Bajo hoy;-22.3%
9/4/2026;Ventas;2,593,172;777,952;59,662;547,394;21.1%;30;9;22;487,732;95,702;-36,040;-230,558;60,822;1,824,647;-768,525;70.4%;🔴 No cumple;🔴 Bajo hoy;-7.2%
10/4/2026;Etiquetado;2,350,735;783,578;71,035;471,775;20.1%;30;10;21;400,740;92,857;-21,822;-311,803;47,178;1,415,325;-935,410;60.2%;🔴 No cumple;🔴 Bajo hoy;10.4%
10/4/2026;Distribución;3,143,818;1,047,939;92,389;695,603;22.1%;30;10;21;603,214;120,981;-28,592;-352,336;69,560;2,086,809;-1,057,009;66.4%;🔴 No cumple;🔴 Bajo hoy;-0.3%
10/4/2026;Segunda;103,667;34,556;5,071;32,096;31.0%;30;10;21;27,025;3,650;1,421;-2,460;3,210;96,288;-7,379;92.9%;🔴 No cumple;✅ Cumple hoy;5.1%
10/4/2026;Despacho;3,350,416;1,116,805;109,450;663,545;19.8%;30;10;21;554,095;133,158;-23,708;-453,260;66,355;1,990,635;-1,359,781;59.4%;🔴 No cumple;🔴 Bajo hoy;30.7%
10/4/2026;Ventas;2,593,172;864,391;71,717;619,111;23.9%;30;10;21;547,394;97,418;-25,701;-245,280;61,911;1,857,333;-735,839;71.6%;🔴 No cumple;🔴 Bajo hoy;20.2%
11/4/2026;Etiquetado;2,350,735;861,936;43,533;515,308;21.9%;30;11;20;471,775;93,948;-50,415;-346,628;46,846;1,405,385;-945,350;59.8%;🔴 No cumple;🔴 Bajo hoy;-38.7%
11/4/2026;Distribución;3,143,818;1,152,733;89,014;784,617;25.0%;30;11;20;695,603;122,411;-33,397;-368,116;71,329;2,139,865;-1,003,953;68.1%;🔴 No cumple;🔴 Bajo hoy;-3.7%
11/4/2026;Segunda;103,667;38,011;4,815;36,911;35.6%;30;11;20;32,096;3,579;1,236;-1,100;3,356;100,666;-3,001;97.1%;🟡 Riesgo;✅ Cumple hoy;-5.0%
11/4/2026;Despacho;3,350,416;1,228,486;61,458;725,003;21.6%;30;11;20;663,545;134,344;-72,886;-503,483;65,909;1,977,281;-1,373,135;59.0%;🔴 No cumple;🔴 Bajo hoy;-43.8%
11/4/2026;Ventas;2,593,172;950,830;97,956;717,067;27.7%;30;11;20;619,111;98,703;-747;-233,763;65,188;1,955,637;-637,535;75.4%;🔴 No cumple;🔴 Bajo hoy;36.6%
12/4/2026;Etiquetado;2,350,735;940,294;0;515,308;21.9%;30;12;19;515,308;96,601;-96,601;-424,986;42,942;1,288,270;-1,062,465;54.8%;🔴 No cumple;🔴 Bajo hoy;0.0%
12/4/2026;Distribución;3,143,818;1,257,527;55;784,672;25.0%;30;12;19;784,617;124,168;-124,113;-472,855;65,389;1,961,680;-1,182,138;62.4%;🔴 No cumple;🔴 Bajo hoy;-99.9%
12/4/2026;Segunda;103,667;41,467;4,960;41,871;40.4%;30;12;19;36,911;3,513;1,447;404;3,489;104,678;1,011;101.0%;✅ Cumplido;✅ Cumple hoy;3.0%
12/4/2026;Despacho;3,350,416;1,340,166;222,334;947,337;28.3%;30;12;19;725,003;138,180;84,154;-392,829;78,945;2,368,343;-982,074;70.7%;🔴 No cumple;✅ Cumple hoy;261.8%
12/4/2026;Ventas;2,593,172;1,037,269;63,116;780,183;30.1%;30;12;19;717,067;98,742;-35,626;-257,086;65,015;1,950,458;-642,715;75.2%;🔴 No cumple;🔴 Bajo hoy;-35.6%
13/4/2026;Etiquetado;2,350,735;1,018,652;114,037;629,345;26.8%;30;13;18;515,308;101,968;12,069;-389,307;48,411;1,452,335;-898,400;61.8%;🔴 No cumple;✅ Cumple hoy;0.0%
13/4/2026;Distribución;3,143,818;1,362,321;101,695;886,367;28.2%;30;13;18;784,672;131,064;-29,369;-475,954;68,182;2,045,462;-1,098,356;65.1%;🔴 No cumple;🔴 Bajo hoy;184800.0%
13/4/2026;Segunda;103,667;44,922;3,753;45,624;44.0%;30;13;18;41,871;3,433;320;702;3,510;105,286;1,619;101.6%;✅ Cumplido;✅ Cumple hoy;-24.3%
13/4/2026;Despacho;3,350,416;1,451,847;111,883;1,059,220;31.6%;30;13;18;947,337;133,504;-21,621;-392,627;81,478;2,444,354;-906,062;73.0%;🔴 No cumple;🔴 Bajo hoy;-49.7%
13/4/2026;Ventas;2,593,172;1,123,708;72,552;852,735;32.9%;30;13;18;780,183;100,722;-28,170;-270,973;65,595;1,967,850;-625,322;75.9%;🔴 No cumple;🔴 Bajo hoy;15.0%
14/4/2026;Etiquetado;2,350,735;1,097,010;76,609;705,954;30.0%;30;14;17;629,345;101,258;-24,649;-391,056;50,425;1,512,759;-837,976;64.4%;🔴 No cumple;🔴 Bajo hoy;-32.8%
14/4/2026;Distribución;3,143,818;1,467,115;92,665;979,032;31.1%;30;14;17;886,367;132,791;-40,126;-488,083;69,931;2,097,926;-1,045,892;66.7%;🔴 No cumple;🔴 Bajo hoy;-8.9%
14/4/2026;Segunda;103,667;48,378;4,071;49,695;47.9%;30;14;17;45,624;3,414;657;1,317;3,550;106,489;2,822;102.7%;✅ Cumplido;✅ Cumple hoy;8.5%
14/4/2026;Despacho;3,350,416;1,563,527;85,156;1,144,376;34.2%;30;14;17;1,059,220;134,776;-49,620;-419,151;81,741;2,452,234;-898,182;73.2%;🔴 No cumple;🔴 Bajo hoy;-23.9%
14/4/2026;Ventas;2,593,172;1,210,147;74,513;927,248;35.8%;30;14;17;852,735;102,379;-27,866;-282,899;66,232;1,986,960;-606,212;76.6%;🔴 No cumple;🔴 Bajo hoy;2.7%
15/4/2026;Etiquetado;2,350,735;1,175,368;77,551;783,505;33.3%;30;15;16;705,954;102,799;-25,248;-391,863;52,234;1,567,010;-783,725;66.7%;🔴 No cumple;🔴 Bajo hoy;1.2%
15/4/2026;Distribución;3,143,818;1,571,909;105,562;1,084,594;34.5%;30;15;16;979,032;135,299;-29,737;-487,315;72,306;2,169,188;-974,630;69.0%;🔴 No cumple;🔴 Bajo hoy;13.9%
15/4/2026;Segunda;103,667;51,834;3,347;53,042;51.2%;30;15;16;49,695;3,373;-26;1,209;3,536;106,084;2,417;102.3%;✅ Cumplido;🔴 Bajo hoy;-17.8%
15/4/2026;Despacho;3,350,416;1,675,208;107,268;1,251,644;37.4%;30;15;16;1,144,376;137,878;-30,610;-423,564;83,443;2,503,288;-847,128;74.7%;🔴 No cumple;🔴 Bajo hoy;26.0%
15/4/2026;Ventas;2,593,172;1,296,586;66,430;993,678;38.3%;30;15;16;927,248;104,120;-37,690;-302,908;66,245;1,987,356;-605,816;76.6%;🔴 No cumple;🔴 Bajo hoy;-10.8%
16/4/2026;Etiquetado;2,350,735;1,253,725;113,755;897,260;38.2%;30;16;15;783,505;104,482;9,273;-356,465;56,079;1,682,363;-668,373;71.6%;🔴 No cumple;✅ Cumple hoy;46.7%
16/4/2026;Distribución;3,143,818;1,676,703;110,856;1,195,450;38.0%;30;16;15;1,084,594;137,282;-26,426;-481,253;74,716;2,241,469;-902,349;71.3%;🔴 No cumple;🔴 Bajo hoy;5.0%
16/4/2026;Segunda;103,667;55,289;5,067;58,109;56.1%;30;16;15;53,042;3,375;1,692;2,820;3,632;108,954;5,287;105.1%;✅ Cumplido;✅ Cumple hoy;51.4%
16/4/2026;Despacho;3,350,416;1,786,889;125,022;1,376,666;41.1%;30;16;15;1,251,644;139,918;-14,896;-410,223;86,042;2,581,249;-769,167;77.0%;🔴 No cumple;🔴 Bajo hoy;16.6%
16/4/2026;Ventas;2,593,172;1,383,025;66,571;1,060,249;40.9%;30;16;15;993,678;106,633;-40,062;-322,776;66,266;1,987,967;-605,205;76.7%;🔴 No cumple;🔴 Bajo hoy;0.2%
17/4/2026;Etiquetado;2,350,735;1,332,083;48,688;945,948;40.2%;30;17;14;897,260;103,820;-55,132;-386,135;55,644;1,669,320;-681,415;71.0%;🔴 No cumple;🔴 Bajo hoy;-57.2%
17/4/2026;Distribución;3,143,818;1,781,497;113,377;1,308,827;41.6%;30;17;14;1,195,450;139,169;-25,792;-472,670;76,990;2,309,695;-834,123;73.5%;🔴 No cumple;🔴 Bajo hoy;2.3%
17/4/2026;Segunda;103,667;58,745;4,695;62,804;60.6%;30;17;14;58,109;3,254;1,441;4,059;3,694;110,831;7,164;106.9%;✅ Cumplido;✅ Cumple hoy;-7.3%
17/4/2026;Despacho;3,350,416;1,898,569;107,944;1,484,610;44.3%;30;17;14;1,376,666;140,982;-33,038;-413,959;87,330;2,619,900;-730,516;78.2%;🔴 No cumple;🔴 Bajo hoy;-13.7%
17/4/2026;Ventas;2,593,172;1,469,464;79,725;1,139,974;44.0%;30;17;14;1,060,249;109,495;-29,770;-329,490;67,057;2,011,719;-581,453;77.6%;🔴 No cumple;🔴 Bajo hoy;19.8%
18/4/2026;Etiquetado;2,350,735;1,410,441;63,882;1,009,830;43.0%;30;18;13;945,948;108,061;-44,179;-400,611;56,102;1,683,050;-667,685;71.6%;🔴 No cumple;🔴 Bajo hoy;31.2%
18/4/2026;Distribución;3,143,818;1,886,291;109,924;1,418,751;45.1%;30;18;13;1,308,827;141,153;-31,229;-467,540;78,820;2,364,585;-779,233;75.2%;🔴 No cumple;🔴 Bajo hoy;-3.0%
18/4/2026;Segunda;103,667;62,200;3,773;66,577;64.2%;30;18;13;62,804;3,143;630;4,377;3,699;110,962;7,295;107.0%;✅ Cumplido;✅ Cumple hoy;-19.6%
18/4/2026;Despacho;3,350,416;2,010,250;77,773;1,562,383;46.6%;30;18;13;1,484,610;143,524;-65,751;-447,867;86,799;2,603,972;-746,444;77.7%;🔴 No cumple;🔴 Bajo hoy;-28.0%
18/4/2026;Ventas;2,593,172;1,555,903;107,987;1,247,961;48.1%;30;18;13;1,139,974;111,784;-3,797;-307,942;69,331;2,079,935;-513,237;80.2%;🔴 No cumple;🔴 Bajo hoy;35.4%
19/4/2026;Etiquetado;2,350,735;1,488,799;88,745;1,098,575;46.7%;30;19;12;1,009,830;111,742;-22,997;-390,224;57,820;1,734,592;-616,143;73.8%;🔴 No cumple;🔴 Bajo hoy;38.9%
19/4/2026;Distribución;3,143,818;1,991,085;5,603;1,424,354;45.3%;30;19;12;1,418,751;143,756;-138,153;-566,731;74,966;2,248,980;-894,838;71.5%;🔴 No cumple;🔴 Bajo hoy;-94.9%
19/4/2026;Segunda;103,667;65,656;3,886;70,463;68.0%;30;19;12;66,577;3,091;795;4,807;3,709;111,257;7,590;107.3%;✅ Cumplido;✅ Cumple hoy;3.0%
19/4/2026;Despacho;3,350,416;2,121,930;118,834;1,681,217;50.2%;30;19;12;1,562,383;149,003;-30,169;-440,713;88,485;2,654,553;-695,863;79.2%;🔴 No cumple;🔴 Bajo hoy;52.8%
19/4/2026;Ventas;2,593,172;1,642,342;75,251;1,323,212;51.0%;30;19;12;1,247,961;112,101;-36,850;-319,130;69,643;2,089,282;-503,890;80.6%;🔴 No cumple;🔴 Bajo hoy;-30.3%
20/4/2026;Etiquetado;2,350,735;1,567,157;48,209;1,146,784;48.8%;30;20;11;1,098,575;113,833;-65,624;-420,373;57,339;1,720,176;-630,559;73.2%;🔴 No cumple;🔴 Bajo hoy;-45.7%
20/4/2026;Distribución;3,143,818;2,095,879;98,147;1,522,501;48.4%;30;20;11;1,424,354;156,315;-58,168;-573,378;76,125;2,283,752;-860,067;72.6%;🔴 No cumple;🔴 Bajo hoy;1651.7%
20/4/2026;Segunda;103,667;69,111;3,550;74,013;71.4%;30;20;11;70,463;3,019;531;4,902;3,701;111,020;7,353;107.1%;✅ Cumplido;✅ Cumple hoy;-8.6%
20/4/2026;Despacho;3,350,416;2,233,611;77,608;1,758,825;52.5%;30;20;11;1,681,217;151,745;-74,137;-474,786;87,941;2,638,238;-712,179;78.7%;🔴 No cumple;🔴 Bajo hoy;-34.7%
20/4/2026;Ventas;2,593,172;1,728,781;84,474;1,407,686;54.3%;30;20;11;1,323,212;115,451;-30,977;-321,095;70,384;2,111,529;-481,643;81.4%;🔴 No cumple;🔴 Bajo hoy;12.3%
21/4/2026;Etiquetado;2,350,735;1,645,515;62,460;1,209,244;51.4%;30;21;10;1,146,784;120,395;-57,935;-436,271;57,583;1,727,491;-623,244;73.5%;🔴 No cumple;🔴 Bajo hoy;29.6%
21/4/2026;Distribución;3,143,818;2,200,673;100,559;1,623,060;51.6%;30;21;10;1,522,501;162,132;-61,573;-577,613;77,289;2,318,657;-825,161;73.8%;🔴 No cumple;🔴 Bajo hoy;2.5%
21/4/2026;Segunda;103,667;72,567;3,788;77,801;75.0%;30;21;10;74,013;2,965;823;5,234;3,705;111,144;7,477;107.2%;✅ Cumplido;✅ Cumple hoy;6.7%
21/4/2026;Despacho;3,350,416;2,345,291;80,938;1,839,763;54.9%;30;21;10;1,758,825;159,159;-78,221;-505,528;87,608;2,628,233;-722,183;78.4%;🔴 No cumple;🔴 Bajo hoy;4.3%
21/4/2026;Ventas;2,593,172;1,815,220;81,634;1,489,320;57.4%;30;21;10;1,407,686;118,549;-36,915;-325,900;70,920;2,127,600;-465,572;82.0%;🔴 No cumple;🔴 Bajo hoy;-3.4%
22/4/2026;Etiquetado;2,350,735;1,723,872;44,999;1,254,243;53.4%;30;22;9;1,209,244;126,832;-81,833;-469,629;57,011;1,710,331;-640,404;72.8%;🔴 No cumple;🔴 Bajo hoy;-28.0%
22/4/2026;Distribución;3,143,818;2,305,467;114,985;1,738,045;55.3%;30;22;9;1,623,060;168,973;-53,988;-567,422;79,002;2,370,061;-773,757;75.4%;🔴 No cumple;🔴 Bajo hoy;14.3%
22/4/2026;Segunda;103,667;76,022;3,531;81,332;78.5%;30;22;9;77,801;2,874;657;5,310;3,697;110,907;7,240;107.0%;✅ Cumplido;✅ Cumple hoy;-6.8%
22/4/2026;Despacho;3,350,416;2,456,972;91,009;1,930,772;57.6%;30;22;9;1,839,763;167,850;-76,841;-526,200;87,762;2,632,871;-717,545;78.6%;🔴 No cumple;🔴 Bajo hoy;12.4%
22/4/2026;Ventas;2,593,172;1,901,659;76,322;1,565,642;60.4%;30;22;9;1,489,320;122,650;-46,328;-336,017;71,166;2,134,966;-458,206;82.3%;🔴 No cumple;🔴 Bajo hoy;-6.5%
23/4/2026;Etiquetado;2,350,735;1,802,230;68,967;1,323,210;56.3%;30;23;8;1,254,243;137,062;-68,095;-479,020;57,531;1,725,926;-624,809;73.4%;🔴 No cumple;🔴 Bajo hoy;53.3%
23/4/2026;Distribución;3,143,818;2,410,260;88,507;1,826,552;58.1%;30;23;8;1,738,045;175,722;-87,215;-583,708;79,415;2,382,459;-761,359;75.8%;🔴 No cumple;🔴 Bajo hoy;-23.0%
23/4/2026;Segunda;103,667;79,478;3,654;84,986;82.0%;30;23;8;81,332;2,792;862;5,508;3,695;110,851;7,184;106.9%;✅ Cumplido;✅ Cumple hoy;3.5%
23/4/2026;Despacho;3,350,416;2,568,652;38,298;1,969,070;58.8%;30;23;8;1,930,772;177,456;-139,158;-599,582;85,612;2,568,352;-782,064;76.7%;🔴 No cumple;🔴 Bajo hoy;-57.9%
23/4/2026;Ventas;2,593,172;1,988,099;70,026;1,635,668;63.1%;30;23;8;1,565,642;128,441;-58,415;-352,431;71,116;2,133,480;-459,692;82.3%;🔴 No cumple;🔴 Bajo hoy;-8.2%
24/4/2026;Etiquetado;2,350,735;1,880,588;64,741;1,387,951;59.0%;30;24;7;1,323,210;146,789;-82,048;-492,637;57,831;1,734,939;-615,796;73.8%;🔴 No cumple;🔴 Bajo hoy;-6.1%
24/4/2026;Distribución;3,143,818;2,515,054;104,727;1,931,279;61.4%;30;24;7;1,826,552;188,181;-83,454;-583,775;80,470;2,414,099;-729,719;76.8%;🔴 No cumple;🔴 Bajo hoy;18.3%
24/4/2026;Segunda;103,667;82,934;3,657;88,643;85.5%;30;24;7;84,986;2,669;988;5,709;3,693;110,804;7,137;106.9%;✅ Cumplido;✅ Cumple hoy;0.1%
24/4/2026;Despacho;3,350,416;2,680,333;108,569;2,077,639;62.0%;30;24;7;1,969,070;197,335;-88,766;-602,694;86,568;2,597,049;-753,367;77.5%;🔴 No cumple;🔴 Bajo hoy;183.5%
24/4/2026;Ventas;2,593,172;2,074,538;82,282;1,717,950;66.2%;30;24;7;1,635,668;136,786;-54,504;-356,588;71,581;2,147,438;-445,735;82.8%;🔴 No cumple;🔴 Bajo hoy;17.5%
25/4/2026;Etiquetado;2,350,735;1,958,946;89,697;1,477,648;62.9%;30;25;6;1,387,951;160,464;-70,767;-481,298;59,106;1,773,178;-577,557;75.4%;🔴 No cumple;🔴 Bajo hoy;38.5%
25/4/2026;Distribución;3,143,818;2,619,848;87,513;2,018,792;64.2%;30;25;6;1,931,279;202,090;-114,577;-601,056;80,752;2,422,550;-721,268;77.1%;🔴 No cumple;🔴 Bajo hoy;-16.4%
25/4/2026;Segunda;103,667;86,389;3,380;92,023;88.8%;30;25;6;88,643;2,504;876;5,634;3,681;110,428;6,761;106.5%;✅ Cumplido;✅ Cumple hoy;-7.6%
25/4/2026;Despacho;3,350,416;2,792,013;96,968;2,174,607;64.9%;30;25;6;2,077,639;212,130;-115,162;-617,406;86,984;2,609,528;-740,888;77.9%;🔴 No cumple;🔴 Bajo hoy;-10.7%
25/4/2026;Ventas;2,593,172;2,160,977;105,087;1,823,037;70.3%;30;25;6;1,717,950;145,870;-40,783;-337,940;72,921;2,187,644;-405,528;84.4%;🔴 No cumple;🔴 Bajo hoy;27.7%
26/4/2026;Etiquetado;2,350,735;2,037,304;90,464;1,568,112;66.7%;30;26;5;1,477,648;174,617;-84,153;-469,192;60,312;1,809,360;-541,375;77.0%;🔴 No cumple;🔴 Bajo hoy;0.9%
26/4/2026;Distribución;3,143,818;2,724,642;58,695;2,077,487;66.1%;30;26;5;2,018,792;225,005;-166,310;-647,155;79,903;2,397,100;-746,718;76.2%;🔴 No cumple;🔴 Bajo hoy;-32.9%
26/4/2026;Segunda;103,667;89,845;3,518;95,541;92.2%;30;26;5;92,023;2,329;1,189;5,696;3,675;110,240;6,573;106.3%;✅ Cumplido;✅ Cumple hoy;4.1%
26/4/2026;Despacho;3,350,416;2,903,694;130,157;2,304,764;68.8%;30;26;5;2,174,607;235,162;-105,005;-598,930;88,645;2,659,343;-691,073;79.4%;🔴 No cumple;🔴 Bajo hoy;34.2%
26/4/2026;Ventas;2,593,172;2,247,416;66,915;1,889,952;72.9%;30;26;5;1,823,037;154,027;-87,112;-357,464;72,690;2,180,714;-412,458;84.1%;🔴 No cumple;🔴 Bajo hoy;-36.3%
27/4/2026;Etiquetado;2,350,735;2,115,662;61,119;1,629,231;69.3%;30;27;4;1,568,112;195,656;-134,537;-486,431;60,342;1,810,257;-540,478;77.0%;🔴 No cumple;🔴 Bajo hoy;-32.4%
27/4/2026;Distribución;3,143,818;2,829,436;118,889;2,196,376;69.9%;30;27;4;2,077,487;266,583;-147,694;-633,060;81,347;2,440,418;-703,400;77.6%;🔴 No cumple;🔴 Bajo hoy;102.6%
27/4/2026;Segunda;103,667;93,300;3,718;99,259;95.7%;30;27;4;95,541;2,032;1,687;5,959;3,676;110,288;6,621;106.4%;✅ Cumplido;✅ Cumple hoy;5.7%
27/4/2026;Despacho;3,350,416;3,015,374;76,851;2,381,615;71.1%;30;27;4;2,304,764;261,413;-184,562;-633,759;88,208;2,646,239;-704,177;79.0%;🔴 No cumple;🔴 Bajo hoy;-41.0%
27/4/2026;Ventas;2,593,172;2,333,855;85,804;1,975,756;76.2%;30;27;4;1,889,952;175,805;-90,001;-358,099;73,176;2,195,284;-397,888;84.7%;🔴 No cumple;🔴 Bajo hoy;28.2%
28/4/2026;Etiquetado;2,350,735;2,194,019;50,725;1,679,956;71.5%;30;28;3;1,629,231;240,501;-189,776;-514,063;59,998;1,799,953;-550,782;76.6%;🔴 No cumple;🔴 Bajo hoy;-17.0%
28/4/2026;Distribución;3,143,818;2,934,230;113,097;2,309,473;73.5%;30;28;3;2,196,376;315,814;-202,717;-624,757;82,481;2,474,435;-669,383;78.7%;🔴 No cumple;🔴 Bajo hoy;-4.9%
28/4/2026;Segunda;103,667;96,756;3,571;102,830;99.2%;30;28;3;99,259;1,469;2,102;6,074;3,673;110,175;6,508;106.3%;✅ Cumplido;✅ Cumple hoy;-4.0%
28/4/2026;Despacho;3,350,416;3,127,055;99,300;2,480,915;74.0%;30;28;3;2,381,615;322,934;-223,634;-646,140;88,604;2,658,123;-692,293;79.3%;🔴 No cumple;🔴 Bajo hoy;29.2%
28/4/2026;Ventas;2,593,172;2,420,294;68,415;2,044,171;78.8%;30;28;3;1,975,756;205,805;-137,390;-376,123;73,006;2,190,183;-402,989;84.5%;🔴 No cumple;🔴 Bajo hoy;-20.3%
29/4/2026;Etiquetado;2,350,735;2,272,377;31,186;1,711,142;72.8%;30;29;2;1,679,956;335,390;-304,204;-561,235;59,005;1,770,147;-580,588;75.3%;🔴 No cumple;🔴 Bajo hoy;-38.5%
29/4/2026;Distribución;3,143,818;3,039,024;109,018;2,418,491;76.9%;30;29;2;2,309,473;417,173;-308,155;-620,533;83,396;2,501,887;-641,931;79.6%;🔴 No cumple;🔴 Bajo hoy;-3.6%
29/4/2026;Segunda;103,667;100,211;3,232;106,062;102.3%;30;29;2;102,830;419;2,814;5,851;3,657;109,719;6,052;105.8%;✅ Cumplido;✅ Cumple hoy;-9.5%
29/4/2026;Despacho;3,350,416;3,238,735;116,324;2,597,239;77.5%;30;29;2;2,480,915;434,751;-318,427;-641,496;89,560;2,686,799;-663,617;80.2%;🔴 No cumple;🔴 Bajo hoy;17.1%
29/4/2026;Ventas;2,593,172;2,506,733;73,660;2,117,831;81.7%;30;29;2;2,044,171;274,501;-200,841;-388,902;73,029;2,190,860;-402,312;84.5%;🔴 No cumple;🔴 Bajo hoy;7.7%
30/4/2026;Etiquetado;2,350,735;2,350,735;37,650;1,748,792;74.4%;30;30;1;1,711,142;639,593;-601,943;-601,943;58,293;1,748,792;-601,943;74.4%;🔴 No cumple;🔴 Bajo hoy;20.7%
30/4/2026;Distribución;3,143,818;3,143,818;116,237;2,534,728;80.6%;30;30;1;2,418,491;725,327;-609,090;-609,090;84,491;2,534,728;-609,090;80.6%;🔴 No cumple;🔴 Bajo hoy;6.6%
30/4/2026;Segunda;103,667;103,667;3,398;109,460;105.6%;30;30;1;106,062;0;3,398;5,793;3,649;109,460;5,793;105.6%;✅ Cumplido;✅ Cumple hoy;5.1%
30/4/2026;Despacho;3,350,416;3,350,416;142,114;2,739,353;81.8%;30;30;1;2,597,239;753,177;-611,063;-611,063;91,312;2,739,353;-611,063;81.8%;🔴 No cumple;🔴 Bajo hoy;22.2%
30/4/2026;Ventas;2,593,172;2,593,172;79,171;2,197,002;84.7%;30;30;1;2,117,831;475,341;-396,170;-396,170;73,233;2,197,002;-396,170;84.7%;🔴 No cumple;🔴 Bajo hoy;7.5%
